{"cameraMode":{"drawMode":0,"name":"Shaded","section":"Shading Mode"},"sceneLighting":true,"audioPlay":false,"sceneViewState":{"showFog":true,"showMaterialUpdate":false,"showSkybox":true,"showFlares":true,"showImageEffects":true,"showParticleSystems":true},"in2DMode":false,"pivot":{"x":-1.10791015625,"y":1.07122802734375,"z":0.28369140625},"rotation":{"x":-0.12296981364488602,"y":0.8682122230529785,"z":-0.26714327931404116,"w":-0.3996504247188568},"size":0.10737421363592148,"orthographic":true}